{"stats":{"minecraft:killed":{"born_in_chaos_v1:baby_skeleton":1,"born_in_chaos_v1:decrepit_skeleton":1,"minecraft:sheep":3,"minecraft:skeleton":2},"minecraft:dropped":{"minecraft:rotten_flesh":2,"gravestone:obituary":1,"minecraft:wooden_pickaxe":2,"minecraft:bone":1},"minecraft:killed_by":{"alexsmobs:crocodile":1},"minecraft:custom":{"minecraft:interact_with_furnace":20,"minecraft:mob_kills":7,"minecraft:interact_with_crafting_table":9,"minecraft:open_barrel":2,"minecraft:damage_dealt_resisted":1224,"minecraft:leave_game":1,"minecraft:time_since_death":11190,"minecraft:climb_one_cm":292,"minecraft:time_since_rest":11217,"minecraft:waystone_activated":1,"minecraft:sprint_one_cm":98195,"minecraft:damage_taken":730,"minecraft:walk_one_cm":44483,"minecraft:damage_blocked_by_shield":750,"minecraft:drop":5,"minecraft:damage_dealt":1606,"minecraft:talked_to_villager":1,"minecraft:swim_one_cm":6015,"minecraft:fly_one_cm":173303,"minecraft:open_chest":5,"minecraft:crouch_one_cm":13790,"minecraft:play_time":33435,"minecraft:deaths":1,"minecraft:sneak_time":5157,"minecraft:walk_under_water_one_cm":589,"minecraft:jump":777,"minecraft:interact_with_blast_furnace":1,"minecraft:walk_on_water_one_cm":832,"minecraft:total_world_time":33435,"minecraft:fall_one_cm":18157},"minecraft:crafted":{"iceandfire:silver_axe":1,"iceandfire:silver_ingot":3,"minecraft:crafting_table":3,"minecraft:spruce_planks":92,"minecraft:wooden_pickaxe":1,"minecraft:baked_potato":5,"minecraft:furnace":1,"minecraft:bread":27,"minecraft:cooked_mutton":2,"minecraft:air":0,"minecraft:shield":1,"minecraft:stick":12,"minecraft:iron_ingot":3,"minecraft:stone_pickaxe":1,"minecraft:wooden_axe":1,"minecraft:stone_sword":1,"minecraft:torch":12,"minecraft:shears":1,"minecraft:wheat":81},"minecraft:used":{"minecraft:cooked_mutton":2,"minecraft:stone_sword":69,"minecraft:stone_pickaxe":71,"minecraft:baked_potato":5,"minecraft:wooden_pickaxe":6,"minecraft:spruce_planks":36,"minecraft:shield":10,"minecraft:torch":12,"minecraft:crafting_table":6,"iceandfire:silver_axe":25,"minecraft:wooden_axe":21,"minecraft:bread":4,"minecraft:gravel":10,"minecraft:cobblestone":3,"minecraft:furnace":4,"alexsmobs:animal_dictionary":2,"minecraft:gray_wool":1},"minecraft:picked_up":{"minecraft:shelter_pottery_sherd":1,"minecraft:crafting_table":3,"gnumus:gnumus_doubloons":3,"minecraft:wooden_pickaxe":1,"minecraft:cobblestone_stairs":1,"minecraft:bone":3,"minecraft:bow":1,"minecraft:spruce_planks":7,"minecraft:spruce_wood":12,"minecraft:smooth_quartz":5,"minecraft:furnace":3,"minecraft:raw_iron":3,"minecraft:gravel":10,"minecraft:spruce_log":11,"minecraft:cyan_bed":1,"minecraft:arrow":2,"minecraft:rotten_flesh":2,"waystones:waystone":1,"minecraft:hay_block":9,"minecraft:cyan_terracotta":3,"minecraft:gray_wool":1,"minecraft:mutton":3,"iceandfire:raw_silver":14,"minecraft:coal":30,"minecraft:white_wool":2,"minecraft:cobblestone":25},"minecraft:mined":{"minecraft:spruce_planks":7,"iceandfire:silver_ore":14,"minecraft:cyan_terracotta":3,"minecraft:crafting_table":3,"gravestone:gravestone":1,"minecraft:decorated_pot":1,"minecraft:cobblestone":1,"minecraft:spruce_leaves":2,"minecraft:cyan_bed":1,"minecraft:hay_block":9,"minecraft:furnace":3,"minecraft:iron_ore":3,"minecraft:spruce_log":18,"minecraft:coal_ore":18,"minecraft:gravel":19,"minecraft:smooth_quartz":5,"gnumus:fragile_gnumus_jug":2,"minecraft:spruce_wood":12,"minecraft:stone":26,"minecraft:oak_leaves":13}},"DataVersion":3465}