{"stats":{"minecraft:killed":{"born_in_chaos_v1:lifestealer_true_form":1,"minecraft:cave_spider":16,"alexsmobs:lobster":2,"born_in_chaos_v1:restless_spirit":1,"born_in_chaos_v1:zombie_lumberjack":1,"irons_spellbooks:pyromancer":1,"mowziesmobs:umvuthi":1,"minecraft:spider":19,"born_in_chaos_v1:baby_skeleton_minion":5,"minecraft:skeleton":12,"minecraft:chicken":1,"mowziesmobs:umvuthana_crane":3,"born_in_chaos_v1:supreme_bonescaller_stage_2":1,"irons_spellbooks:summoned_skeleton":1,"minecraft:pig":1,"alexsmobs:grizzly_bear":1,"minecraft:zombie_villager":3,"irons_spellbooks:necromancer":1,"minecraft:creeper":1,"minecraft:sheep":3,"minecraft:zombie":23,"born_in_chaos_v1:dread_hound":2,"born_in_chaos_v1:corpse_fly":3,"minecraft:stray":13,"born_in_chaos_v1:door_knight":1,"iceandfire:sea_serpent":1,"minecraft:cow":5,"irons_spellbooks:summoned_zombie":1,"minecraft:vindicator":3,"born_in_chaos_v1:skeleton_thrasher_not_despawn":1,"born_in_chaos_v1:zombie_bruiser":1,"born_in_chaos_v1:maggot":12,"minecraft:phantom":4,"born_in_chaos_v1:dire_hound_leader":1,"cataclysm:lionfish":1,"minecraft:drowned":1,"born_in_chaos_v1:corpse_fish":8,"mowziesmobs:umvuthana":3,"iceandfire:hippocampus":2,"minecraft:husk":2,"born_in_chaos_v1:bone_imp_minion":6,"minecraft:frog":1,"minecraft:hoglin":6,"born_in_chaos_v1:decrepit_skeleton":8,"born_in_chaos_v1:bloody_gadfly":1,"born_in_chaos_v1:bonescaller_not_despawn":1,"alexsmobs:gazelle":6,"born_in_chaos_v1:nightmare_stalker":1,"minecraft:wither_skeleton":16},"minecraft:killed_by":{"born_in_chaos_v1:nightmare_stalker":1,"minecraft:cave_spider":1,"iceandfire:fire_dragon":1,"minecraft:player":3,"minecraft:skeleton":1},"minecraft:custom":{"minecraft:interact_with_crafting_table":78,"minecraft:open_barrel":67,"minecraft:leave_game":27,"minecraft:time_since_death":52086,"minecraft:sprint_one_cm":664649,"minecraft:drop":244,"minecraft:play_time":502658,"minecraft:deaths":8,"minecraft:jump":6493,"minecraft:interact_with_brewingstand":2,"minecraft:walk_on_water_one_cm":225183,"minecraft:interact_with_furnace":26,"minecraft:sleep_in_bed":3,"minecraft:damage_dealt":41069,"minecraft:crouch_one_cm":45136,"minecraft:mob_kills":220,"minecraft:damage_dealt_resisted":2812,"minecraft:climb_one_cm":7993,"minecraft:walk_one_cm":1138764,"minecraft:damage_dealt_absorbed":424,"minecraft:sneak_time":14745,"minecraft:walk_under_water_one_cm":148120,"minecraft:boat_one_cm":99340,"minecraft:interact_with_lectern":1,"minecraft:interact_with_blast_furnace":19,"minecraft:total_world_time":502658,"minecraft:time_since_rest":52115,"minecraft:damage_taken":12960,"minecraft:damage_absorbed":4113,"minecraft:swim_one_cm":193262,"minecraft:fly_one_cm":1283941,"minecraft:open_chest":128,"minecraft:fall_one_cm":126711},"minecraft:dropped":{"minecraft:nether_brick_stairs":4,"minecraft:iron_sword":1,"minecraft:porkchop":3,"minecraft:dark_oak_stairs":1,"minecraft:oak_log":21,"minecraft:diamond":3,"minecraft:crafting_table":3,"minecraft:orange_tulip":1,"iceandfire:fire_dragon_flesh":3,"minecraft:leather":8,"born_in_chaos_v1:pieceofdarkmetal":1,"alexsmobs:flying_fish_boots":1,"gnumus:mouse_skin":1,"minecraft:cod":3,"born_in_chaos_v1:monster_flesh":9,"minecraft:dirt":2,"irons_spellbooks:silver_ring":1,"gnumus:gnumus_claw":1,"minecraft:dark_oak_fence":2,"gravestone:obituary":11,"minecraft:sand":1,"minecraft:dark_oak_planks":9,"minecraft:white_wool":2,"minecraft:bone":2,"minecraft:waxed_cut_copper_slab":1,"minecraft:birch_sapling":8,"minecraft:beetroot":11,"minecraft:rotten_flesh":10,"irons_spellbooks:inscription_table":2,"minecraft:poppy":2,"minecraft:tipped_arrow":3,"minecraft:gunpowder":2,"minecraft:arrow":3,"iceandfire:sea_serpent_scales_blue":14,"iceandfire:dragonbone_sword":2,"minecraft:water_bucket":1,"minecraft:iron_ingot":45,"minecraft:bread":87,"minecraft:wheat_seeds":30,"irons_spellbooks:legendary_ink":1,"minecraft:diamond_leggings":1,"minecraft:iron_helmet":1,"minecraft:cobblestone":19,"born_in_chaos_v1:orbofthe_summoner":4,"minecraft:copper_ingot":1,"minecraft:spruce_stairs":3,"minecraft:stick":2,"irons_spellbooks:scroll":3,"minecraft:gray_wool":1,"born_in_chaos_v1:black_argillite":1,"minecraft:torch":20,"minecraft:wooden_axe":2,"minecraft:melon_slice":6,"minecraft:iron_leggings":1,"minecraft:iron_axe":1,"minecraft:paper":2,"minecraft:string":1,"iceandfire:dragon_skull_fire":1,"minecraft:spruce_sapling":5,"iceandfire:dragonbone":2,"minecraft:sweet_berries":3,"irons_spellbooks:copper_spell_book":3,"minecraft:stone_sword":1,"born_in_chaos_v1:rotten_fish":4,"iceandfire:dragonbone_sword_fire":1,"sophisticatedbackpacks:backpack":2,"born_in_chaos_v1:spiritual_dust":3,"minecraft:spruce_fence":4,"alexsmobs:bear_fur":3,"minecraft:spruce_trapdoor":2,"minecraft:spruce_planks":19,"minecraft:cake":1,"minecraft:golden_leggings":1,"minecraft:oak_sapling":11,"minecraft:wooden_shovel":2,"minecraft:spider_eye":7,"knightquest:small_essence":9,"sophisticatedbackpacks:copper_backpack":1,"minecraft:stone_pickaxe":1,"minecraft:wooden_pickaxe":2,"iceandfire:sea_serpent_fang":2},"minecraft:crafted":{"minecraft:oak_planks":200,"minecraft:iron_boots":3,"sophisticatedbackpacks:copper_backpack":2,"minecraft:chest":3,"iceandfire:silver_axe":1,"sophisticatedbackpacks:backpack":3,"irons_spellbooks:copper_spell_book":3,"minecraft:crafting_table":11,"minecraft:spruce_planks":92,"minecraft:wooden_pickaxe":1,"minecraft:iron_helmet":2,"minecraft:copper_ingot":22,"minecraft:birch_planks":112,"minecraft:iron_chestplate":2,"minecraft:paper":9,"minecraft:shield":1,"minecraft:stick":28,"minecraft:iron_ingot":66,"minecraft:iron_pickaxe":1,"minecraft:stone_sword":1,"minecraft:wooden_sword":1,"iceandfire:dragonbone_sword_fire":2,"minecraft:furnace":2,"minecraft:leather":4,"minecraft:iron_axe":1,"minecraft:stone_pickaxe":1,"minecraft:dark_oak_planks":108,"minecraft:wheat":639,"sophisticatedbackpacks:iron_backpack":1,"minecraft:cooked_beef":12,"iceandfire:dragonbone_sword":3,"iceandfire:silver_ingot":6,"minecraft:iron_sword":1,"sophisticatedbackpacks:gold_backpack":1,"minecraft:stone_axe":1,"minecraft:bread":213,"iceandfire:dragonbone_pickaxe":1,"minecraft:acacia_boat":1,"minecraft:air":0,"minecraft:oak_boat":1,"minecraft:wooden_axe":2,"minecraft:iron_leggings":2,"minecraft:acacia_planks":36,"minecraft:torch":100,"minecraft:diamond_chestplate":1},"minecraft:used":{"minecraft:chest":1,"minecraft:iron_sword":253,"minecraft:carrot":6,"knightquest:creeper_helmet":1,"born_in_chaos_v1:corpse_maggot":1,"minecraft:hay_block":1,"minecraft:furnace":2,"minecraft:potato":4,"minecraft:dark_oak_sapling":1,"knightquest:creeper_chestplate":1,"minecraft:stone_pickaxe":18,"minecraft:oak_planks":173,"minecraft:wooden_pickaxe":34,"minecraft:sugar_cane":3,"minecraft:diamond_axe":126,"minecraft:blast_furnace":10,"knightquest:creeper_leggings":1,"iceandfire:dragonbone_sword":225,"minecraft:bread":149,"minecraft:diamond_sword":93,"born_in_chaos_v1:rotten_fish":6,"minecraft:oak_boat":1,"minecraft:stone_sword":65,"minecraft:spruce_planks":16,"minecraft:torch":134,"minecraft:dirt":7,"minecraft:spruce_fence":1,"minecraft:dark_oak_planks":88,"minecraft:wooden_axe":29,"minecraft:iron_axe":15,"minecraft:golden_carrot":6,"iceandfire:dragonbone_pickaxe":35,"minecraft:cooked_beef":12,"minecraft:acacia_planks":27,"minecraft:acacia_boat":2,"minecraft:water_bucket":53,"minecraft:birch_planks":71,"minecraft:crafting_table":14,"minecraft:cake":1,"minecraft:apple":1,"iceandfire:dragonbone_sword_fire":113,"minecraft:iron_pickaxe":170,"knightquest:creeper_boots":1,"minecraft:spruce_sapling":5,"mowziesmobs:sol_visage":1,"minecraft:stone_axe":124,"minecraft:cobblestone":24,"minecraft:cooked_porkchop":11,"minecraft:bucket":55,"minecraft:splash_potion":1,"irons_spellbooks:inscription_table":4},"minecraft:broken":{"minecraft:iron_boots":2,"minecraft:iron_chestplate":2,"minecraft:iron_leggings":1,"minecraft:stone_axe":1,"minecraft:iron_sword":1,"minecraft:iron_helmet":1},"minecraft:picked_up":{"gnumus:gnumus_claw":4,"minecraft:diamond_sword":1,"born_in_chaos_v1:black_argillite":1,"alexsmobs:gazelle_horn":4,"minecraft:string":84,"minecraft:waxed_cut_copper_slab":1,"minecraft:raw_copper":22,"minecraft:beetroot":3,"irons_spellbooks:arcane_essence":8,"minecraft:diamond_leggings":1,"minecraft:gold_nugget":42,"minecraft:spruce_planks":33,"minecraft:rose_bush":1,"minecraft:calcite":1,"minecraft:wooden_shovel":2,"minecraft:melon_slice":6,"irons_spellbooks:inscription_table":8,"minecraft:furnace":1,"minecraft:tipped_arrow":3,"minecraft:stick":33,"born_in_chaos_v1:shattered_skull":2,"mowziesmobs:sol_visage":1,"born_in_chaos_v1:phantom_powder":1,"minecraft:torch":55,"minecraft:acacia_log":16,"minecraft:spruce_stairs":3,"minecraft:porkchop":5,"irons_spellbooks:fire_rune":1,"minecraft:rotten_flesh":32,"born_in_chaos_v1:sea_terror_eye":2,"alexsmobs:flying_fish_boots":1,"iceandfire:fire_dragon_heart":1,"minecraft:iron_block":2,"minecraft:stripped_birch_wood":123,"minecraft:cod":3,"irons_spellbooks:copper_spell_book":4,"minecraft:cobblestone":88,"minecraft:birch_log":11,"minecraft:enchanting_table":1,"minecraft:feather":5,"born_in_chaos_v1:spiritual_dust":3,"minecraft:water_bucket":1,"minecraft:golden_leggings":1,"alexsmobs:bear_fur":3,"minecraft:flint":4,"minecraft:acacia_boat":2,"minecraft:lapis_lazuli":7,"minecraft:dirt":24,"irons_spellbooks:hogskin":4,"minecraft:bone":88,"minecraft:wheat_seeds":30,"minecraft:orange_tulip":1,"minecraft:dark_oak_sign":10,"minecraft:oak_planks":42,"minecraft:honeycomb":3,"irons_spellbooks:frozen_bone":5,"minecraft:cooked_porkchop":14,"irons_spellbooks:legendary_ink":1,"iceandfire:dragon_skull_fire":1,"iceandfire:shiny_scales":1,"minecraft:sand":1,"minecraft:jungle_planks":3,"minecraft:nether_brick_stairs":4,"minecraft:jungle_slab":1,"minecraft:dark_oak_log":27,"minecraft:diamond":4,"iceandfire:fire_dragon_blood":2,"knightquest:small_essence":10,"minecraft:bone_meal":2,"minecraft:emerald":20,"minecraft:bread":13,"alexsmobs:maggot":2,"minecraft:oak_sapling":11,"born_in_chaos_v1:rotten_fish":11,"irons_spellbooks:uncommon_ink":1,"minecraft:dark_oak_fence":2,"born_in_chaos_v1:sea_terror_stomach":1,"iceandfire:raw_silver":14,"sophisticatedbackpacks:gold_backpack":1,"iceandfire:dragon_skull_lightning":3,"minecraft:crafting_table":7,"minecraft:allium":1,"iceandfire:witherbone":8,"minecraft:chicken":1,"born_in_chaos_v1:seedof_chaos":7,"minecraft:wooden_pickaxe":1,"minecraft:chain":1,"gravestone:obituary":8,"iceandfire:sea_serpent_scales_blue":19,"minecraft:beef":17,"minecraft:oak_boat":1,"born_in_chaos_v1:gnawed_bones":1,"minecraft:poppy":2,"minecraft:sugar_cane":31,"minecraft:birch_sapling":8,"minecraft:spruce_trapdoor":3,"minecraft:dark_oak_sapling":3,"minecraft:raw_iron":69,"iceandfire:dragonbone":44,"minecraft:copper_ingot":5,"minecraft:spruce_fence":6,"sophisticatedbackpacks:backpack":1,"minecraft:cake":1,"born_in_chaos_v1:pieceofdarkmetal":2,"minecraft:dark_oak_planks":9,"mowziesmobs:umvuthana_mask_faith":2,"irons_spellbooks:evocation_rune":1,"minecraft:arrow":22,"minecraft:hay_block":72,"minecraft:pink_tulip":1,"gnumus:mouse_skin":8,"minecraft:mutton":17,"minecraft:white_wool":2,"born_in_chaos_v1:corpse_maggot":4,"iceandfire:sea_serpent_fang":10,"born_in_chaos_v1:monster_flesh":9,"minecraft:leather":16,"irons_spellbooks:silver_ring":1,"minecraft:birch_planks":5,"minecraft:oak_log":71,"minecraft:chainmail_chestplate":1,"minecraft:gunpowder":16,"irons_spellbooks:rare_ink":1,"minecraft:red_carpet":3,"minecraft:apple":1,"minecraft:iron_ingot":22,"iceandfire:sea_serpent_scales_deepblue":3,"mowziesmobs:umvuthana_mask_misery":1,"minecraft:acacia_sapling":4,"minecraft:dark_oak_stairs":1,"minecraft:book":147,"born_in_chaos_v1:death_totem":1,"minecraft:sweet_berries":6,"born_in_chaos_v1:lifestealer_bone":3,"iceandfire:dragonbone_sword":1,"born_in_chaos_v1:orbofthe_summoner":6,"born_in_chaos_v1:ethereal_spirit":2,"minecraft:gravel":4,"minecraft:spruce_sapling":14,"born_in_chaos_v1:fangofthe_hound_leader":2,"minecraft:blast_furnace":3,"minecraft:spruce_log":23,"minecraft:spider_eye":9,"irons_spellbooks:poisonward_ring":1,"minecraft:iron_helmet":1,"minecraft:gray_wool":1,"minecraft:coal":26,"minecraft:wooden_axe":1,"irons_spellbooks:scroll":10},"minecraft:mined":{"minecraft:waxed_cut_copper_slab":1,"minecraft:spruce_planks":23,"minecraft:jungle_slab":1,"minecraft:spruce_trapdoor":3,"minecraft:grass_block":2,"minecraft:spawner":26,"minecraft:iron_ore":70,"minecraft:enchanting_table":1,"iceandfire:gold_pile":4,"minecraft:iron_block":2,"minecraft:torch":22,"minecraft:blast_furnace":3,"minecraft:calcite":1,"minecraft:melon":1,"minecraft:cobblestone":9,"minecraft:sugar_cane":14,"minecraft:oak_planks":42,"minecraft:wall_torch":15,"minecraft:chain":1,"minecraft:orange_tulip":1,"minecraft:grass":22,"minecraft:oak_log":20,"minecraft:sand":1,"minecraft:dirt":5,"minecraft:smooth_quartz":2,"minecraft:oak_leaves":3,"minecraft:red_carpet":1,"iceandfire:silver_ore":13,"minecraft:mossy_cobblestone":1,"minecraft:dark_oak_leaves":11,"minecraft:dark_oak_log":2,"gravestone:gravestone":5,"minecraft:ladder":1,"minecraft:dark_oak_fence":1,"minecraft:spruce_fence":3,"minecraft:jungle_planks":3,"born_in_chaos_v1:black_argillite":2,"minecraft:spruce_leaves":1,"minecraft:kelp":1,"minecraft:hay_block":56,"minecraft:andesite":2,"treechop:chopped_log":10,"minecraft:bookshelf":49,"gnumus:fragile_gnumus_jug":1,"irons_spellbooks:inscription_table":6,"minecraft:stone":77,"minecraft:glass_pane":1,"minecraft:oak_fence":1,"minecraft:crafting_table":4,"minecraft:rose_bush":1,"minecraft:copper_ore":8,"minecraft:tall_grass":12,"minecraft:lapis_ore":1,"minecraft:spruce_stairs":1,"minecraft:birch_planks":5,"minecraft:sweet_berry_bush":3,"minecraft:spruce_log":3,"minecraft:mangrove_leaves":4,"minecraft:coal_ore":20,"minecraft:gravel":4,"minecraft:cobweb":3,"minecraft:dark_oak_planks":6}},"DataVersion":3465}