{"stats":{"minecraft:killed":{"born_in_chaos_v1:restless_spirit":4,"born_in_chaos_v1:zombie_lumberjack":2,"born_in_chaos_v1:door_knight_not_despawn":1,"minecraft:spider":5,"minecraft:skeleton":9,"gnumus:pitcher_mousse":9,"mowziesmobs:umvuthana_crane":3,"irons_spellbooks:archevoker":1,"minecraft:pig":4,"irons_spellbooks:necromancer":1,"gnumus:marsupial_mousse":3,"minecraft:sheep":5,"minecraft:pillager":8,"minecraft:zombie":16,"born_in_chaos_v1:dread_hound":5,"born_in_chaos_v1:corpse_fly":4,"born_in_chaos_v1:door_knight":1,"iceandfire:sea_serpent":1,"minecraft:cow":7,"minecraft:vindicator":1,"born_in_chaos_v1:thornshell_crab":2,"born_in_chaos_v1:maggot":6,"minecraft:phantom":1,"minecraft:drowned":1,"born_in_chaos_v1:corpse_fish":1,"cataclysm:lionfish":1,"alexsmobs:flying_fish":8,"mowziesmobs:umvuthana":5,"born_in_chaos_v1:spiritof_chaos":1,"born_in_chaos_v1:baby_skeleton":1,"minecraft:hoglin":2,"born_in_chaos_v1:decrepit_skeleton":2,"alexsmobs:emu":1,"minecraft:wither_skeleton":7},"minecraft:killed_by":{"minecraft:wither_skeleton":2,"minecraft:vindicator":6,"iceandfire:fire_dragon":7,"minecraft:player":1,"iceandfire:gorgon":8},"minecraft:custom":{"minecraft:interact_with_crafting_table":32,"minecraft:open_barrel":41,"minecraft:leave_game":2,"minecraft:time_since_death":129,"minecraft:sprint_one_cm":460097,"minecraft:damage_blocked_by_shield":250,"minecraft:drop":211,"minecraft:play_time":158267,"minecraft:deaths":28,"minecraft:jump":3108,"minecraft:walk_on_water_one_cm":77327,"minecraft:interact_with_furnace":7,"minecraft:waystone_activated":1,"minecraft:damage_dealt":28574,"minecraft:crouch_one_cm":4268,"minecraft:inspect_dispenser":2,"minecraft:horse_one_cm":107658,"minecraft:mob_kills":134,"minecraft:damage_dealt_resisted":3422,"minecraft:climb_one_cm":1418,"minecraft:walk_one_cm":196758,"minecraft:damage_dealt_absorbed":79,"minecraft:sneak_time":3450,"minecraft:walk_under_water_one_cm":31723,"minecraft:interact_with_blast_furnace":11,"minecraft:total_world_time":158267,"minecraft:time_since_rest":158,"minecraft:damage_taken":2147483647,"minecraft:damage_absorbed":1181,"minecraft:swim_one_cm":176386,"minecraft:fly_one_cm":847579,"minecraft:open_chest":92,"minecraft:fall_one_cm":107484},"minecraft:dropped":{"minecraft:iron_sword":3,"iceandfire:raw_silver":1,"minecraft:porkchop":13,"minecraft:diamond":1,"minecraft:cooked_porkchop":17,"mowziesmobs:umvuthana_mask_faith":1,"minecraft:lantern":1,"minecraft:leather":3,"minecraft:dark_oak_button":6,"born_in_chaos_v1:scorched_planks":4,"alexsmobs:flying_fish_boots":2,"minecraft:emerald":4,"minecraft:flint":4,"minecraft:dark_oak_log":2,"irons_spellbooks:hogskin":1,"minecraft:mutton":9,"minecraft:coast_armor_trim_smithing_template":2,"irons_spellbooks:arcane_essence":37,"gravestone:obituary":27,"alexsmobs:emu_feather":1,"minecraft:gold_nugget":38,"minecraft:bone_meal":2,"born_in_chaos_v1:black_argillite_brick_wall":1,"minecraft:iron_pickaxe":1,"minecraft:white_wool":3,"minecraft:bone":1,"minecraft:gravel":2,"mowziesmobs:umvuthana_mask_rage":1,"alexsmobs:animal_dictionary":1,"minecraft:birch_sapling":6,"iceandfire:sea_serpent_scales_deepblue":3,"born_in_chaos_v1:ethereal_spirit":1,"minecraft:rotten_flesh":22,"iceandfire:shiny_scales":1,"minecraft:poppy":2,"minecraft:gunpowder":12,"minecraft:skeleton_skull":3,"born_in_chaos_v1:corpse_maggot":3,"minecraft:arrow":5,"minecraft:beef":12,"iceandfire:sea_serpent_scales_blue":19,"minecraft:written_book":1,"minecraft:wheat_seeds":21,"irons_spellbooks:divine_pearl":4,"minecraft:golden_helmet":2,"irons_spellbooks:legendary_ink":3,"minecraft:oak_fence":7,"minecraft:feather":9,"minecraft:iron_helmet":1,"minecraft:cobblestone":1,"minecraft:coal":7,"irons_spellbooks:scroll":6,"minecraft:torch":1,"irons_spellbooks:evocation_rune":1,"minecraft:wooden_axe":1,"minecraft:oak_stairs":1,"minecraft:iron_shovel":1,"minecraft:string":4,"born_in_chaos_v1:nightmare_mantleofthe_night_boots":1,"minecraft:lily_pad":2,"minecraft:stone_brick_slab":1,"iceandfire:dragonbone":4,"minecraft:dandelion":1,"minecraft:furnace":1,"irons_spellbooks:uncommon_ink":3,"minecraft:raw_iron":4,"born_in_chaos_v1:rotten_fish":2,"minecraft:clay_ball":7,"minecraft:iron_boots":1,"minecraft:spruce_fence":5,"minecraft:spruce_planks":17,"minecraft:iron_chestplate":1,"born_in_chaos_v1:spiny_shell":1,"minecraft:barrel":2,"knightquest:small_essence":3,"minecraft:bow":2,"iceandfire:fire_dragon_heart":1,"minecraft:bell":1,"minecraft:red_tulip":1,"iceandfire:sea_serpent_fang":10,"minecraft:magma_block":7,"iceandfire:dragon_skull_lightning":1},"minecraft:crafted":{"minecraft:iron_boots":2,"minecraft:chest":1,"minecraft:emerald":9,"minecraft:cooked_porkchop":2,"minecraft:crafting_table":3,"minecraft:spruce_planks":36,"minecraft:birch_planks":24,"gnumus:gnumus_pickaxe":1,"minecraft:iron_chestplate":2,"minecraft:shield":1,"minecraft:stick":20,"minecraft:iron_ingot":3,"minecraft:gold_ingot":17,"minecraft:coal":18,"born_in_chaos_v1:nightmare_mantleofthe_night_boots":1,"minecraft:furnace":1,"born_in_chaos_v1:pieceofdarkmetal":27,"alexsmobs:flying_fish_boots":3,"minecraft:wheat":99,"minecraft:cooked_beef":1,"iceandfire:silver_ingot":3,"iceandfire:tide_trident":1,"minecraft:iron_sword":2,"born_in_chaos_v1:scorched_planks":8,"minecraft:bread":38,"minecraft:air":0,"iceandfire:armor_red_helmet":1,"minecraft:gold_nugget":9,"minecraft:wooden_axe":1,"minecraft:iron_leggings":2,"iceandfire:silver_pickaxe":1,"minecraft:torch":16},"minecraft:used":{"iceandfire:tide_trident":2,"minecraft:bone_block":1,"minecraft:polished_basalt":1,"minecraft:chest":2,"minecraft:shield":7,"minecraft:iron_sword":393,"minecraft:rotten_flesh":1,"minecraft:iron_chestplate":1,"minecraft:mutton":5,"minecraft:tuff":1,"born_in_chaos_v1:corpse_maggot":2,"mowziesmobs:umvuthana_mask_faith":2,"minecraft:iron_helmet":1,"minecraft:dark_oak_slab":2,"minecraft:stone_bricks":16,"born_in_chaos_v1:black_argillite_brick":3,"mowziesmobs:umvuthana_mask_rage":2,"minecraft:magma_block":6,"minecraft:bow":4,"minecraft:furnace":1,"born_in_chaos_v1:nightmare_mantleofthe_night_boots":1,"iceandfire:armor_red_helmet":1,"alexsmobs:raw_catfish":1,"minecraft:oak_planks":1,"minecraft:blackstone":1,"alexsmobs:flying_fish_boots":6,"minecraft:sugar_cane":4,"minecraft:sand":8,"minecraft:blast_furnace":2,"iceandfire:silver_pickaxe":186,"iceandfire:dragonbone_sword":59,"minecraft:bread":61,"minecraft:blackstone_slab":1,"minecraft:diamond_sword":188,"born_in_chaos_v1:mesh_door":1,"born_in_chaos_v1:rotten_fish":2,"minecraft:cobweb":11,"minecraft:spruce_planks":36,"minecraft:torch":22,"minecraft:dirt":2,"minecraft:wooden_axe":3,"minecraft:oak_stairs":2,"minecraft:iron_axe":91,"minecraft:iron_boots":6,"minecraft:beef":7,"minecraft:cooked_beef":1,"minecraft:iron_leggings":1,"minecraft:cracked_stone_bricks":8,"minecraft:deepslate_bricks":1,"minecraft:polished_blackstone_bricks":1,"minecraft:crafting_table":12,"alexsmobs:flying_fish":2,"minecraft:cobblestone":51,"minecraft:cooked_porkchop":4,"minecraft:porkchop":5},"minecraft:broken":{"mowziesmobs:umvuthana_mask_faith":1,"minecraft:iron_boots":2,"minecraft:iron_chestplate":1,"minecraft:iron_leggings":1,"iceandfire:armor_red_helmet":1,"minecraft:iron_sword":1,"minecraft:diamond_leggings":1},"minecraft:picked_up":{"irons_spellbooks:scroll":1,"minecraft:iron_chestplate":1,"minecraft:diamond_sword":1,"born_in_chaos_v1:black_argillite_brick_wall":1,"minecraft:oak_stairs":3,"born_in_chaos_v1:mesh_door":1,"iceandfire:manuscript":9,"minecraft:string":11,"minecraft:iron_leggings":1,"minecraft:diamond_leggings":1,"irons_spellbooks:arcane_essence":10,"alexsmobs:emu_feather":1,"minecraft:gold_nugget":95,"minecraft:spruce_planks":24,"minecraft:cobblestone_slab":1,"minecraft:written_book":1,"minecraft:coal_block":2,"iceandfire:dragonscales_red":5,"minecraft:furnace":1,"minecraft:golden_helmet":2,"minecraft:stick":9,"minecraft:oak_fence":7,"minecraft:torch":4,"minecraft:porkchop":11,"born_in_chaos_v1:nightmare_claw":2,"minecraft:rotten_flesh":30,"minecraft:polished_basalt":1,"iceandfire:fire_dragon_heart":1,"minecraft:red_tulip":1,"irons_spellbooks:copper_spell_book":1,"alexsmobs:flying_fish":7,"minecraft:cobblestone":60,"minecraft:birch_log":6,"minecraft:magma_block":6,"minecraft:feather":9,"alexsmobs:bear_fur":3,"minecraft:tuff":1,"minecraft:dirt":2,"minecraft:lantern":1,"born_in_chaos_v1:monster_skin":6,"irons_spellbooks:hogskin":1,"minecraft:bone":33,"minecraft:bow":2,"minecraft:wheat_seeds":27,"minecraft:bell":1,"minecraft:mossy_stone_bricks":7,"minecraft:oak_planks":1,"minecraft:cooked_porkchop":11,"irons_spellbooks:legendary_ink":3,"iceandfire:shiny_scales":1,"minecraft:jungle_planks":4,"minecraft:sand":8,"minecraft:stripped_spruce_log":2,"minecraft:dark_oak_log":2,"minecraft:barrel":2,"minecraft:diamond":2,"knightquest:small_essence":3,"minecraft:bone_meal":2,"minecraft:emerald":2,"minecraft:bread":11,"born_in_chaos_v1:rotten_fish":4,"irons_spellbooks:uncommon_ink":1,"iceandfire:raw_silver":12,"iceandfire:dragon_skull_lightning":1,"minecraft:crafting_table":10,"iceandfire:witherbone":2,"minecraft:clay_ball":7,"born_in_chaos_v1:seedof_chaos":1,"gravestone:obituary":11,"iceandfire:sea_serpent_scales_blue":21,"minecraft:iron_axe":1,"born_in_chaos_v1:black_argillite_brick":3,"minecraft:blackstone":1,"minecraft:cracked_stone_bricks":8,"minecraft:beef":12,"minecraft:poppy":2,"minecraft:lectern":2,"minecraft:sugar_cane":13,"minecraft:chest":1,"minecraft:birch_sapling":6,"minecraft:raw_iron":12,"iceandfire:dragonbone":5,"minecraft:spruce_fence":5,"sophisticatedbackpacks:backpack":1,"minecraft:polished_blackstone_bricks":1,"born_in_chaos_v1:pieceofdarkmetal":3,"mowziesmobs:umvuthana_mask_faith":2,"irons_spellbooks:evocation_rune":1,"minecraft:arrow":11,"minecraft:deepslate_bricks":1,"minecraft:hay_block":7,"born_in_chaos_v1:spiny_shell":8,"gnumus:mouse_skin":2,"minecraft:bone_block":1,"minecraft:mutton":5,"minecraft:skeleton_skull":3,"minecraft:white_wool":4,"born_in_chaos_v1:corpse_maggot":7,"born_in_chaos_v1:nightmare_mantleofthe_night_boots":1,"minecraft:dark_oak_button":6,"iceandfire:sea_serpent_fang":13,"minecraft:leather":8,"alexsmobs:acacia_blossom":2,"minecraft:blackstone_slab":1,"minecraft:lily_pad":2,"minecraft:cobblestone_stairs":1,"irons_spellbooks:rare_ink":1,"minecraft:coast_armor_trim_smithing_template":2,"minecraft:stone_bricks":21,"mowziesmobs:umvuthana_mask_rage":1,"minecraft:spruce_wood":3,"minecraft:iron_ingot":27,"minecraft:cobweb":28,"minecraft:iron_sword":2,"iceandfire:sea_serpent_scales_deepblue":3,"iceandfire:fire_dragon_flesh":3,"minecraft:book":44,"minecraft:dark_oak_slab":2,"minecraft:emerald_block":1,"minecraft:stone_brick_slab":1,"iceandfire:dragonbone_sword":1,"born_in_chaos_v1:ethereal_spirit":4,"minecraft:dandelion":1,"minecraft:gravel":2,"minecraft:blast_furnace":2,"minecraft:coal":20},"minecraft:mined":{"minecraft:spruce_planks":17,"minecraft:cobblestone_stairs":1,"minecraft:grass_block":1,"born_in_chaos_v1:dark_metal_deposit":2,"minecraft:coal_block":2,"minecraft:deepslate_bricks":1,"minecraft:spawner":7,"minecraft:polished_blackstone_bricks":1,"minecraft:magma_block":6,"minecraft:iron_ore":8,"minecraft:fire":2,"minecraft:barrel":1,"iceandfire:gold_pile":10,"minecraft:oak_stairs":2,"minecraft:blackstone":1,"minecraft:torch":1,"minecraft:blast_furnace":2,"minecraft:chest":1,"minecraft:cobblestone":10,"minecraft:oak_planks":1,"minecraft:sugar_cane":6,"minecraft:wall_torch":1,"minecraft:skeleton_skull":1,"minecraft:dark_oak_slab":1,"born_in_chaos_v1:black_argillite_brick":3,"minecraft:grass":34,"minecraft:sand":8,"minecraft:dirt":1,"minecraft:emerald_block":1,"minecraft:tuff":1,"iceandfire:silver_ore":12,"gravestone:gravestone":26,"born_in_chaos_v1:black_argillite_brick_wall":1,"minecraft:spruce_fence":2,"minecraft:jungle_planks":4,"minecraft:kelp":1,"minecraft:hay_block":7,"minecraft:furnace":1,"minecraft:polished_basalt":1,"minecraft:stripped_spruce_log":4,"treechop:chopped_log":1,"minecraft:bell":1,"minecraft:bookshelf":14,"minecraft:cobblestone_slab":1,"minecraft:stone":51,"minecraft:stone_brick_slab":1,"minecraft:dandelion":2,"minecraft:crafting_table":10,"minecraft:blackstone_slab":1,"minecraft:lectern":2,"minecraft:tall_grass":38,"born_in_chaos_v1:chipped_black_argillite_brick":1,"minecraft:lily_pad":2,"minecraft:coal_ore":14,"minecraft:cobweb":8,"minecraft:cracked_stone_bricks":7,"minecraft:stone_bricks":21,"minecraft:mossy_stone_bricks":7}},"DataVersion":3465}