{"stats":{"minecraft:killed":{"born_in_chaos_v1:zombie_clown":4,"minecraft:cave_spider":37,"born_in_chaos_v1:restless_spirit":4,"born_in_chaos_v1:skeleton_demoman":1,"minecraft:spider":29,"born_in_chaos_v1:siamese_skeletonsright":1,"born_in_chaos_v1:baby_skeleton_minion":4,"born_in_chaos_v1:scarlet_persecutor":3,"minecraft:skeleton":15,"minecraft:chicken":1,"gnumus:pitcher_mousse":4,"born_in_chaos_v1:skeleton_thrasher":2,"born_in_chaos_v1:supreme_bonescaller_stage_2":1,"irons_spellbooks:summoned_skeleton":2,"minecraft:tropical_fish":1,"irons_spellbooks:spectral_steed":1,"born_in_chaos_v1:bonescaller":2,"minecraft:pig":1,"alexsmobs:grizzly_bear":3,"minecraft:zombie_villager":9,"born_in_chaos_v1:glutton_fish":1,"gnumus:big_snout":3,"irons_spellbooks:necromancer":1,"alexsmobs:mantis_shrimp":1,"minecraft:creeper":2,"gnumus:marsupial_mousse":1,"iceandfire:cockatrice":1,"born_in_chaos_v1:zombie_fisherman":2,"minecraft:pillager":1,"minecraft:zombie":15,"born_in_chaos_v1:dread_hound":3,"born_in_chaos_v1:corpse_fly":8,"alexsmobs:fly":1,"born_in_chaos_v1:door_knight":1,"born_in_chaos_v1:siamese_skeletonsleft":2,"minecraft:cow":6,"born_in_chaos_v1:missioner":2,"irons_spellbooks:summoned_zombie":1,"minecraft:vindicator":2,"born_in_chaos_v1:zombie_bruiser":2,"born_in_chaos_v1:maggot":15,"minecraft:phantom":6,"iceandfire:fire_dragon":1,"friendsandfoes:mauler":1,"gnumus:gnumus_hunter":6,"born_in_chaos_v1:corpse_fish":1,"iceandfire:hippocampus":4,"born_in_chaos_v1:barrel_zombie":1,"gnumus:gnumus_hunter_not_dispawn":4,"cataclysm:deepling_angler":1,"born_in_chaos_v1:fallen_chaos_knight":2,"minecraft:husk":13,"born_in_chaos_v1:bone_imp_minion":8,"born_in_chaos_v1:baby_skeleton":6,"alexsmobs:skunk":2,"born_in_chaos_v1:swarmer":1,"knightquest:eldbomb":1,"minecraft:hoglin":5,"born_in_chaos_v1:decrepit_skeleton":10,"alexsmobs:emu":1,"alexsmobs:catfish":3,"born_in_chaos_v1:bloody_gadfly":1,"alexsmobs:cockroach":1,"alexsmobs:crocodile":1,"knightquest:lizzy":2,"born_in_chaos_v1:nightmare_stalker":4,"alexsmobs:crow":3,"minecraft:wither_skeleton":60,"creeperoverhaul:savannah_creeper":1,"born_in_chaos_v1:controlled_baby_skeleton":2},"minecraft:killed_by":{"minecraft:wither_skeleton":2,"born_in_chaos_v1:nightmare_stalker":1,"born_in_chaos_v1:corpse_fly":2,"minecraft:vindicator":2,"minecraft:zombie":1},"minecraft:custom":{"minecraft:interact_with_crafting_table":58,"minecraft:open_barrel":101,"minecraft:leave_game":9,"minecraft:time_since_death":18125,"minecraft:sprint_one_cm":1425021,"minecraft:damage_blocked_by_shield":1225,"minecraft:drop":220,"minecraft:play_time":434530,"minecraft:deaths":9,"minecraft:interact_with_brewingstand":1,"minecraft:jump":9123,"minecraft:walk_on_water_one_cm":180305,"minecraft:interact_with_furnace":36,"minecraft:damage_dealt":94009,"minecraft:player_kills":4,"minecraft:crouch_one_cm":26476,"minecraft:interact_with_anvil":2,"minecraft:mob_kills":379,"minecraft:damage_dealt_resisted":8770,"minecraft:climb_one_cm":9237,"minecraft:walk_one_cm":789864,"minecraft:damage_dealt_absorbed":630,"minecraft:sneak_time":14797,"minecraft:walk_under_water_one_cm":59644,"minecraft:interact_with_lectern":2,"minecraft:interact_with_blast_furnace":6,"minecraft:total_world_time":434530,"minecraft:time_since_rest":18155,"minecraft:damage_taken":16174,"minecraft:damage_absorbed":3227,"minecraft:swim_one_cm":203530,"minecraft:fly_one_cm":1285775,"minecraft:open_chest":227,"minecraft:fall_one_cm":189519},"minecraft:dropped":{"minecraft:diamond":3,"minecraft:crafting_table":3,"minecraft:stripped_birch_wood":15,"minecraft:leather":3,"gnumus:mouse_skin":4,"minecraft:flint":5,"minecraft:emerald":17,"born_in_chaos_v1:monster_flesh":1,"minecraft:dirt":26,"minecraft:dark_oak_log":19,"gnumus:gnumus_claw":2,"irons_spellbooks:hogskin":2,"minecraft:chain":2,"gravestone:obituary":15,"minecraft:gold_nugget":16,"minecraft:bone_meal":1,"iceandfire:fire_dragon_blood":2,"minecraft:sugar":7,"minecraft:glistering_melon_slice":18,"minecraft:gold_ingot":44,"minecraft:bone":32,"minecraft:gravel":1,"irons_spellbooks:blank_rune":1,"alexsmobs:animal_dictionary":1,"minecraft:rotten_flesh":11,"minecraft:chainmail_chestplate":1,"minecraft:poppy":5,"born_in_chaos_v1:seedof_chaos":5,"minecraft:skeleton_skull":2,"minecraft:charcoal":3,"gnumus:juicy_meat":21,"born_in_chaos_v1:corpse_maggot":3,"minecraft:spruce_wood":2,"minecraft:acacia_sapling":3,"minecraft:chainmail_boots":1,"minecraft:arrow":1,"minecraft:beef":3,"iceandfire:manuscript":9,"iceandfire:dragonbone_sword":1,"minecraft:iron_ingot":9,"minecraft:bread":1,"born_in_chaos_v1:intoxicating_decoction":1,"minecraft:wheat_seeds":29,"minecraft:golden_helmet":2,"minecraft:mossy_cobblestone":1,"minecraft:dripstone_block":6,"minecraft:diamond_leggings":1,"minecraft:poisonous_potato":2,"minecraft:prismarine_shard":4,"minecraft:oak_fence":7,"minecraft:iron_helmet":1,"minecraft:feather":1,"minecraft:cobblestone":21,"minecraft:book":2,"born_in_chaos_v1:orbofthe_summoner":1,"minecraft:copper_ingot":4,"minecraft:coal":5,"minecraft:mushroom_stew":1,"minecraft:stick":38,"irons_spellbooks:scroll":7,"minecraft:cobweb":25,"minecraft:jungle_slab":14,"minecraft:torch":44,"irons_spellbooks:evocation_rune":1,"minecraft:smooth_quartz":41,"minecraft:rabbit":3,"minecraft:iron_leggings":2,"minecraft:string":80,"born_in_chaos_v1:nightmare_mantleofthe_night_boots":1,"minecraft:bucket":1,"minecraft:spruce_sapling":19,"minecraft:smooth_basalt":4,"minecraft:sweet_berries":11,"alexsmobs:maggot":1,"irons_spellbooks:copper_spell_book":1,"iceandfire:witherbone":2,"born_in_chaos_v1:rotten_fish":3,"sophisticatedbackpacks:backpack":1,"minecraft:spruce_fence":3,"alexsmobs:bear_fur":2,"minecraft:pumpkin_seeds":2,"minecraft:diamond_sword":5,"minecraft:hay_block":17,"gnumus:gnumus_clay":6,"minecraft:spruce_planks":76,"minecraft:iron_chestplate":1,"born_in_chaos_v1:spiny_shell":1,"minecraft:golden_leggings":5,"gnumus:gnumus_chickpeas":5,"minecraft:spider_eye":16,"minecraft:barrel":2,"knightquest:small_essence":4,"minecraft:spruce_log":116,"minecraft:wooden_pickaxe":1},"minecraft:crafted":{"minecraft:oak_planks":32,"minecraft:blaze_powder":12,"minecraft:cooked_mutton":3,"minecraft:iron_boots":2,"minecraft:diamond_leggings":2,"knightquest:steel_sword":1,"born_in_chaos_v1:pileof_dark_metal":4,"minecraft:golden_boots":1,"knightquest:great_essence":3,"minecraft:cooked_porkchop":9,"minecraft:crafting_table":5,"minecraft:spruce_planks":420,"minecraft:wooden_pickaxe":1,"minecraft:iron_helmet":1,"minecraft:birch_planks":4,"minecraft:iron_chestplate":3,"minecraft:charcoal":3,"minecraft:golden_leggings":1,"minecraft:stick":20,"minecraft:iron_ingot":56,"minecraft:iron_pickaxe":2,"minecraft:iron_block":3,"minecraft:wooden_sword":2,"minecraft:furnace":2,"born_in_chaos_v1:pieceofdarkmetal":18,"born_in_chaos_v1:bone_handle":1,"minecraft:iron_axe":1,"minecraft:diamond_boots":1,"minecraft:golden_helmet":1,"minecraft:cooked_beef":5,"minecraft:diamond_sword":1,"minecraft:iron_sword":1,"minecraft:air":0,"minecraft:gunpowder":4,"minecraft:wooden_axe":2,"minecraft:iron_leggings":2,"minecraft:anvil":1,"minecraft:acacia_planks":4,"minecraft:torch":20,"minecraft:diamond_chestplate":1},"minecraft:used":{"born_in_chaos_v1:intoxicating_decoction":3,"minecraft:shield":40,"minecraft:rotten_flesh":2,"minecraft:iron_chestplate":2,"minecraft:carrot":9,"born_in_chaos_v1:missionary_hat_helmet":1,"born_in_chaos_v1:corpse_maggot":7,"born_in_chaos_v1:smoked_flesh":11,"minecraft:lava_bucket":6,"minecraft:iron_helmet":1,"minecraft:furnace":6,"minecraft:skeleton_skull":2,"alexsmobs:raw_catfish":1,"minecraft:oak_planks":39,"minecraft:gray_carpet":4,"alexsmobs:flying_fish_boots":1,"minecraft:wooden_pickaxe":40,"minecraft:stripped_mangrove_wood":1,"iceandfire:dragonbone_sword":237,"born_in_chaos_v1:monster_flesh":3,"gnumus:gnumus_chickpeas":5,"minecraft:bread":170,"minecraft:diamond_sword":736,"minecraft:wooden_sword":95,"born_in_chaos_v1:rotten_fish":1,"born_in_chaos_v1:river_mint":2,"minecraft:andesite":3,"knightquest:steel_sword":314,"gnumus:juicy_meat":2,"minecraft:acacia_log":1,"minecraft:flint_and_steel":1,"born_in_chaos_v1:ethereal_spirit":10,"minecraft:spruce_planks":403,"born_in_chaos_v1:black_argillite":24,"minecraft:cooked_chicken":2,"minecraft:torch":47,"minecraft:anvil":1,"minecraft:spruce_fence":2,"minecraft:shroomlight":2,"minecraft:dark_oak_planks":1,"minecraft:wooden_axe":97,"born_in_chaos_v1:chipped_black_argillite_brick":1,"minecraft:iron_axe":158,"minecraft:iron_boots":2,"minecraft:smooth_quartz":16,"born_in_chaos_v1:intoxicating_dagger":191,"minecraft:beef":2,"minecraft:acacia_planks":4,"minecraft:iron_leggings":1,"minecraft:calcite":7,"minecraft:cooked_mutton":3,"minecraft:water_bucket":60,"iceandfire:fire_dragon_flesh":3,"gnumus:overripe_carrot":3,"minecraft:salmon":1,"minecraft:tnt":1,"minecraft:crafting_table":16,"minecraft:spruce_log":1,"minecraft:cake":2,"minecraft:smoker":2,"minecraft:flower_pot":1,"minecraft:apple":4,"iceandfire:dragonbone_sword_fire":258,"minecraft:chicken":4,"minecraft:iron_pickaxe":304,"minecraft:spruce_sapling":5,"minecraft:cobblestone":48,"minecraft:porkchop":12,"minecraft:cooked_porkchop":37,"minecraft:bucket":66,"minecraft:pumpkin_pie":7,"alexsmobs:animal_dictionary":2,"minecraft:gray_wool":1},"minecraft:broken":{"minecraft:golden_boots":1,"minecraft:iron_boots":2,"minecraft:iron_chestplate":1,"minecraft:iron_leggings":1,"minecraft:wooden_sword":1,"minecraft:wooden_axe":2,"knightquest:steel_sword":1,"minecraft:iron_pickaxe":1,"minecraft:iron_helmet":1},"minecraft:picked_up":{"irons_spellbooks:scroll":7,"minecraft:chainmail_boots":1,"minecraft:flower_pot":1,"minecraft:prismarine_shard":4,"gnumus:gnumus_claw":12,"minecraft:diamond_sword":4,"minecraft:brewing_stand":1,"minecraft:amethyst_block":3,"born_in_chaos_v1:black_argillite":24,"minecraft:string":64,"minecraft:raw_copper":45,"minecraft:red_nether_bricks":3,"minecraft:iron_leggings":1,"minecraft:shroomlight":2,"irons_spellbooks:arcane_essence":36,"alexsmobs:emu_feather":1,"minecraft:gold_nugget":106,"minecraft:bucket":1,"born_in_chaos_v1:charmof_power":1,"minecraft:spruce_planks":98,"minecraft:calcite":9,"minecraft:smooth_quartz":57,"irons_spellbooks:blank_rune":1,"minecraft:iron_boots":1,"minecraft:furnace":5,"minecraft:golden_helmet":1,"minecraft:stick":48,"minecraft:oak_fence":7,"born_in_chaos_v1:phantom_powder":1,"minecraft:torch":84,"minecraft:acacia_log":2,"minecraft:spruce_stairs":1,"minecraft:porkchop":21,"born_in_chaos_v1:nightmare_claw":2,"minecraft:rotten_flesh":85,"alexsmobs:flying_fish_boots":1,"gnumus:gnumus_chickpeas":19,"minecraft:stripped_birch_wood":15,"minecraft:blaze_powder":2,"irons_spellbooks:copper_spell_book":4,"minecraft:cobblestone":87,"minecraft:birch_log":1,"gnumus:gnumus_doubloons":6,"minecraft:feather":13,"born_in_chaos_v1:spiritual_dust":8,"minecraft:water_bucket":1,"minecraft:andesite":3,"gnumus:overripe_carrot":9,"minecraft:golden_leggings":4,"minecraft:smoker":2,"alexsmobs:bear_fur":2,"minecraft:dirt":26,"knightquest:lizzy_scale":1,"gnumus:gnumus_pouch_2":4,"born_in_chaos_v1:monster_skin":6,"irons_spellbooks:hogskin":4,"minecraft:bone":117,"minecraft:wheat_seeds":29,"minecraft:dark_oak_sign":2,"minecraft:rabbit":3,"minecraft:oak_planks":24,"minecraft:cooked_porkchop":36,"irons_spellbooks:legendary_ink":1,"minecraft:poisonous_potato":2,"iceandfire:shiny_scales":4,"minecraft:jungle_slab":14,"minecraft:dark_oak_log":19,"minecraft:barrel":2,"minecraft:mossy_cobblestone":1,"minecraft:diamond":1,"irons_spellbooks:divine_pearl":4,"gnumus:gnumus_clay":32,"iceandfire:dragonbone_sword_fire":1,"knightquest:small_essence":29,"minecraft:bone_meal":1,"minecraft:emerald":1,"minecraft:bread":64,"alexsmobs:maggot":1,"minecraft:oak_sapling":1,"born_in_chaos_v1:rotten_fish":4,"irons_spellbooks:uncommon_ink":2,"minecraft:dark_oak_fence":1,"iceandfire:raw_silver":2,"minecraft:charcoal":3,"minecraft:crafting_table":15,"iceandfire:witherbone":33,"minecraft:chicken":7,"born_in_chaos_v1:river_mint":2,"born_in_chaos_v1:seedof_chaos":14,"irons_spellbooks:tarnished_helmet":1,"born_in_chaos_v1:missionary_hat_helmet":1,"minecraft:gold_block":1,"minecraft:chain":5,"gravestone:obituary":4,"minecraft:shield":1,"born_in_chaos_v1:intoxicating_decoction":4,"minecraft:cyan_carpet":2,"minecraft:beef":10,"minecraft:poppy":5,"minecraft:raw_iron":104,"minecraft:stripped_mangrove_wood":1,"gnumus:juicy_meat":25,"minecraft:spruce_fence":5,"sophisticatedbackpacks:backpack":1,"born_in_chaos_v1:pieceofdarkmetal":29,"minecraft:carrot":1,"born_in_chaos_v1:charmof_endurance":1,"alexsmobs:crocodile_scute":2,"minecraft:dark_oak_planks":5,"mowziesmobs:umvuthana_mask_faith":1,"irons_spellbooks:evocation_rune":1,"minecraft:arrow":26,"minecraft:hay_block":17,"born_in_chaos_v1:spiny_shell":1,"minecraft:glistering_melon_slice":9,"minecraft:gold_ingot":48,"sophisticatedbackpacks:copper_backpack":5,"gnumus:mouse_skin":18,"minecraft:mutton":3,"minecraft:skeleton_skull":3,"born_in_chaos_v1:fused_bone":4,"born_in_chaos_v1:corpse_maggot":18,"born_in_chaos_v1:nightmare_mantleofthe_night_boots":1,"born_in_chaos_v1:monster_flesh":8,"minecraft:salmon":1,"minecraft:leather":12,"irons_spellbooks:silver_ring":6,"gnumus:gnumus_pouch":4,"minecraft:oak_log":8,"minecraft:lily_pad":1,"minecraft:gunpowder":3,"minecraft:apple":5,"born_in_chaos_v1:intoxicating_dagger":1,"minecraft:gray_carpet":5,"alexsmobs:cockroach_wing_fragment":1,"minecraft:iron_ingot":18,"minecraft:cooked_chicken":2,"born_in_chaos_v1:chipped_black_argillite_brick":1,"iceandfire:fire_dragon_flesh":3,"minecraft:acacia_sapling":3,"minecraft:smooth_basalt":4,"minecraft:sweet_berries":11,"iceandfire:dragonbone_sword":1,"born_in_chaos_v1:orbofthe_summoner":2,"born_in_chaos_v1:ethereal_spirit":15,"minecraft:dripstone_block":6,"minecraft:gravel":1,"born_in_chaos_v1:dark_rod":2,"minecraft:spruce_sapling":19,"minecraft:blast_furnace":7,"minecraft:spruce_log":302,"minecraft:spider_eye":36,"alexsmobs:raw_catfish":4,"minecraft:iron_helmet":1,"minecraft:gray_wool":1,"minecraft:coal":75},"minecraft:mined":{"minecraft:dark_oak_planks":8,"minecraft:spruce_planks":54,"minecraft:red_nether_bricks":3,"minecraft:brewing_stand":1,"minecraft:spruce_trapdoor":1,"minecraft:spawner":10,"minecraft:tall_seagrass":1,"minecraft:iron_ore":57,"minecraft:moss_carpet":3,"minecraft:nether_brick_stairs":4,"minecraft:dark_oak_stairs":1,"iceandfire:gold_pile":12,"minecraft:stripped_mangrove_wood":4,"minecraft:smoker":2,"minecraft:torch":4,"minecraft:dark_oak_wood":2,"minecraft:blast_furnace":7,"minecraft:calcite":11,"minecraft:dead_bush":1,"minecraft:cobblestone":20,"minecraft:oak_planks":14,"gnumus:gnumus_clay_brick":5,"minecraft:wall_torch":2,"minecraft:amethyst_block":3,"minecraft:skeleton_skull":1,"minecraft:seagrass":1,"minecraft:chain":4,"gnumus:gnumus_clay_block":3,"minecraft:wheat":3,"born_in_chaos_v1:river_mint":2,"minecraft:potted_poppy":1,"minecraft:grass":61,"minecraft:oak_log":1,"minecraft:smooth_quartz":58,"minecraft:smooth_basalt":5,"minecraft:red_carpet":3,"iceandfire:silver_ore":3,"minecraft:dark_oak_fence":1,"gravestone:gravestone":13,"minecraft:spruce_fence":2,"born_in_chaos_v1:black_argillite":22,"minecraft:acacia_slab":2,"minecraft:moss_block":2,"minecraft:hay_block":16,"minecraft:large_fern":5,"minecraft:furnace":5,"minecraft:andesite":2,"treechop:chopped_log":8,"minecraft:gold_block":1,"minecraft:shroomlight":2,"gnumus:fragile_gnumus_jug":3,"minecraft:stone":42,"minecraft:redstone_wall_torch":1,"minecraft:light_gray_carpet":1,"minecraft:red_wool":2,"minecraft:crafting_table":13,"minecraft:copper_ore":12,"minecraft:tall_grass":16,"minecraft:spruce_stairs":2,"minecraft:gray_wool":2,"minecraft:sweet_berry_bush":3,"minecraft:mangrove_leaves":6,"minecraft:coal_ore":25,"minecraft:cyan_carpet":3,"minecraft:gray_carpet":5,"minecraft:fern":2}},"DataVersion":3465}